{
    "best_validation_accuracy": 100.0,
    "test_accuracy": 97.12589073634204,
    "test_ece": 0.01770644448697567,
    "model_params": 1751906,
    "gflops": 0.009339644
}