{
    "best_validation_accuracy": 94.17999999999999,
    "test_accuracy": 93.28,
    "test_ece": 0.04861556366086006,
    "model_params": 1750388
}