{
    "best_validation_accuracy": 99.65,
    "test_accuracy": 99.31607142857143,
    "test_ece": 0.004045568872243166,
    "model_params": 257138
}