{
    "best_validation_accuracy": 98.4,
    "test_accuracy": 96.88571428571429,
    "test_ece": 0.02777658961713314,
    "model_params": 26258,
    "gflops": 0.00040778
}