{
    "best_validation_accuracy": 94.17,
    "test_accuracy": 93.91000000000001,
    "test_ece": 0.044780611991882324,
    "model_params": 1750388
}