{
    "best_validation_accuracy": 94.38,
    "test_accuracy": 93.67999999999999,
    "test_ece": 0.04379976540803909,
    "model_params": 1750388,
    "gflops": 0.009338159
}