{
    "best_validation_accuracy": 99.3,
    "test_accuracy": 98.97142857142858,
    "test_ece": 0.0031424728222191334,
    "model_params": 257138,
    "gflops": 0.001964576
}