{
    "best_validation_accuracy": 94.36,
    "test_accuracy": 93.83,
    "test_ece": 0.04980713129043579,
    "model_params": 257138,
    "gflops": 0.001964576
}