{
    "best_validation_accuracy": 99.4,
    "test_accuracy": 99.02857142857144,
    "test_ece": 0.003143487498164177,
    "model_params": 257138,
    "gflops": 0.001964576
}