{
    "best_validation_accuracy": 93.74,
    "test_accuracy": 93.81,
    "test_ece": 0.050423528999090195,
    "model_params": 257138,
    "gflops": 0.001964576
}