{
    "best_validation_accuracy": 93.74,
    "test_accuracy": 93.97999999999999,
    "test_ece": 0.04772696644067764,
    "model_params": 257138
}