{
    "best_validation_accuracy": 99.6,
    "test_accuracy": 99.38035714285715,
    "test_ece": 0.0035037656780332327,
    "model_params": 257138,
    "gflops": 0.001964576
}