{
    "best_validation_accuracy": 94.41000000000001,
    "test_accuracy": 93.71000000000001,
    "test_ece": 0.04384339600801468,
    "model_params": 1750388
}