{
    "best_validation_accuracy": 93.8,
    "test_accuracy": 93.42,
    "test_ece": 0.025849614292383194,
    "model_params": 257138,
    "gflops": 0.001964576
}