{
    "best_validation_accuracy": 100.0,
    "test_accuracy": 95.34441805225653,
    "test_ece": 0.03446873277425766,
    "model_params": 1751906,
    "gflops": 0.009339644
}