{
    "best_validation_accuracy": 94.31,
    "test_accuracy": 94.01,
    "test_ece": 0.04338138923048973,
    "model_params": 1750388,
    "gflops": 0.009338159
}