{
    "best_validation_accuracy": 100.0,
    "test_accuracy": 97.03087885985748,
    "test_ece": 0.020880598574876785,
    "model_params": 1751906,
    "gflops": 0.009339644
}