{
    "best_validation_accuracy": 99.65,
    "test_accuracy": 99.28571428571429,
    "test_ece": 0.005471891723573208,
    "model_params": 257138,
    "gflops": 0.001964576
}