{
    "best_validation_accuracy": 98.95,
    "test_accuracy": 98.71071428571429,
    "test_ece": 0.010427115485072136,
    "model_params": 26258,
    "gflops": 0.00040778
}