{
    "best_validation_accuracy": 94.22,
    "test_accuracy": 94.08999999999999,
    "test_ece": 0.04258405789732933,
    "model_params": 1750388,
    "gflops": 0.009338159
}